Workbook

Sheet Instructions
A1: NIST CSF 2.0 Assessment Toolkit
A2: Companion workbook to the NIST Cybersecurity Framework (CSF) 2.0 Assessment Handbook (.docx) -- reusable templates for a self-run or consultant-led gap/maturity assessment.
A4: IMPORTANT -- read before you start
A5: NIST CSF has no certification. NIST issues nothing and certifies nothing. There is no accredited third-party certification body, no Stage 1 / Stage 2 audit, and no fixed 3-year certificate cycle. This workbook supports a self-assessment or consultant-led gap/maturity assessment against a Current Profile and a Target Profile -- not a certification audit. See the companion handbook, Part One, for full detail.
A7: How to use this workbook
A8: 1. | B8: This workbook contains 11 templates (Template 1-11), one per tab, each paired with a numbered walkthrough in Part Four of the companion handbook.
A10: 2. | B10: Work through the tabs roughly in order on your first assessment. On future (re)assessments, start from Template 1 and jump to whichever tabs you need.
A12: 3. | B12: Template 2 lists all 106 official CSF 2.0 subcategories with NIST's exact wording and exact codes, including intentional numbering gaps (e.g. no ID.AM-06) -- do not renumber them.
A14: 4. | B14: The first data row of most templates is a gray-italic EXAMPLE row -- read it, then either overwrite it or leave it as a reference and add your own rows below/around it.
A16: 5. | B16: Cells with a dropdown arrow use validated lists (e.g. High/Medium/Low) -- use the dropdown rather than typing free text, so filtering and roll-ups stay consistent.
A18: 6. | B18: The 0-4 (or 1-5) numeric maturity score used throughout this workbook is a widely-adopted assessor/vendor convention, NOT an official NIST scale -- NIST only defines the 4 qualitative Tiers (Partial / Risk Informed / Repeatable / Adaptive), which describe organization-wide governance rigor, not a per-subcategory number. Keep this distinction in mind when presenting results.
A20: 7. | B20: Duplicate this whole workbook file at the start of each new assessment (e.g. 'NIST CSF 2.0 Assessment Toolkit - Acme Corp - 2026.xlsx') so you keep a clean, dated record per engagement.
A22: 8. | B22: Tab 11 (Reassessment Schedule) is the one exception meant to persist and be updated across multiple assessment cycles rather than restarted each time.
A25: Tab index
A26: Tab name | B26: Purpose
A27: Template 1 - Assessment Plan | B27: Scope, objectives, intended use of results, team, timeline.
A28: Template 2 - Current Profile | B28: All 106 subcategories: current 0-4 score, evidence/notes, assessor.
A29: Template 3 - Target Profile | B29: Target Tier selection (org and per-function) plus per-category target scores.
A30: Template 4 - Gap Analysis | B30: Current vs Target vs Gap per function/category, with a priority rating and heat map.
A31: Template 5 - Evidence Log | B31: Chronological record of every piece of evidence examined.
A32: Template 6 - Findings Tracker | B32: Gap/finding register graded High/Medium/Low priority (not ISO major/minor).
A33: Template 7 - Interview Agenda | B33: Stakeholder interview and workshop agenda across IT, security, legal, HR, executive leadership.
A34: Template 8 - Report Summary | B34: Executive summary, overall Tier assessment, top gaps, recommendation.
A35: Template 9 - Remediation Plan | B35: Prioritized remediation roadmap with owners and timelines.
A36: Template 10 - Risk Register | B36: Living register of cybersecurity risks mapped to CSF functions/subcategories.
A37: Template 11 - Reassessment | B37: Your own reassessment cadence (e.g. annual) -- not a fixed certification cycle.

Sheet Template 1 - Assessment Plan
A1: Template 1 -- Assessment Plan
A2: Complete the header fields, then build the day-by-day schedule below. See Handbook Walkthrough A.
A4: Organization | B4: Acme Manufacturing Co. (EXAMPLE)
A5: Assessment Type | B5: Consultant-led gap assessment (EXAMPLE -- other options: Self-assessment; Vendor/customer-requested)
A6: Intended Use of Results | B6: Board risk reporting and cyber-insurance renewal application (EXAMPLE -- other examples: M&A due diligence, vendor requirement)
A7: Scope | B7: Corporate IT and OT environments supporting the Springfield, IL manufacturing plant, excluding the recently-acquired Denver distribution subsidiary pending separate scoping (EXAMPLE)
A8: Assessment Objectives | B8: Establish a Current Profile against all 6 CSF 2.0 Functions; define a Target Profile; produce a prioritized remediation roadmap (EXAMPLE)
A9: Assessment Criteria | B9: NIST CSF 2.0 (CSWP 29), all 6 Functions / 22 Categories / 106 Subcategories in scope (EXAMPLE)
A10: Lead Assessor | B10: J. Rivera, Independent Consultant (EXAMPLE)
A11: Assessment Team / Control Owners | B11: M. Chen (IT Security Lead), D. Alvarez (Legal/Compliance), K. Osei (HR), T. Nguyen (CISO/Exec Sponsor) (EXAMPLE -- GOVERN and PR.AT categories need non-technical stakeholders, this is not security-team-only)
A12: Assessment Dates | B12: 2026-09-08 to 2026-09-19 (EXAMPLE)
A13: Cadence / Next Reassessment | B13: Annual -- next full reassessment due 2027-09 (see Template 11) (EXAMPLE)
A15: Day-by-day schedule
A16: Date | B16: Time | C16: Function(s) / Category(ies) / Area | D16: Method (Interview/Doc review/Workshop) | E16: Assessor Assigned / Interviewee
A17: 2026-09-08 (EXAMPLE) | B17: 09:00 | C17: Kickoff workshop; GOVERN (GV.OC, GV.RM, GV.RR) | D17: Workshop | E17: J. Rivera / T. Nguyen, D. Alvarez

Sheet Template 2 - Current Profile
A1: Template 2 -- Current Profile Checklist (all 106 CSF 2.0 Subcategories)
A2: Exact NIST codes and wording from CSWP 29, including intentional numbering gaps. Score reflects current practice, not policy text. See Handbook Walkthrough C.
A4: Function | B4: Category Code | C4: Category Title | D4: Subcategory Code | E4: Subcategory Description (verbatim, NIST CSWP 29) | F4: Current Score (0-4) | G4: Evidence / Notes | H4: Assessor
A5: GOVERN (GV) | B5: GV.OC | C5: Organizational Context | D5: GV.OC-01 | E5: The organizational mission is understood and informs cybersecurity risk management | F5: 2 | G5: Interviewed org-context owner; mission statement and stakeholder list on file, reviewed annually (EXAMPLE) | H5: J. Rivera
A6: GOVERN (GV) | B6: GV.OC | C6: Organizational Context | D6: GV.OC-02 | E6: Internal and external stakeholders are understood, and their needs and expectations regarding cybersecurity risk management are understood and considered
A7: GOVERN (GV) | B7: GV.OC | C7: Organizational Context | D7: GV.OC-03 | E7: Legal, regulatory, and contractual requirements regarding cybersecurity — including privacy and civil liberties obligations — are understood and managed
A8: GOVERN (GV) | B8: GV.OC | C8: Organizational Context | D8: GV.OC-04 | E8: Critical objectives, capabilities, and services that external stakeholders depend on or expect from the organization are understood and communicated
A9: GOVERN (GV) | B9: GV.OC | C9: Organizational Context | D9: GV.OC-05 | E9: Outcomes, capabilities, and services that the organization depends on are understood and communicated
A10: GOVERN (GV) | B10: GV.RM | C10: Risk Management Strategy | D10: GV.RM-01 | E10: Risk management objectives are established and agreed to by organizational stakeholders
A11: GOVERN (GV) | B11: GV.RM | C11: Risk Management Strategy | D11: GV.RM-02 | E11: Risk appetite and risk tolerance statements are established, communicated, and maintained
A12: GOVERN (GV) | B12: GV.RM | C12: Risk Management Strategy | D12: GV.RM-03 | E12: Cybersecurity risk management activities and outcomes are included in enterprise risk management processes
A13: GOVERN (GV) | B13: GV.RM | C13: Risk Management Strategy | D13: GV.RM-04 | E13: Strategic direction that describes appropriate risk response options is established and communicated
A14: GOVERN (GV) | B14: GV.RM | C14: Risk Management Strategy | D14: GV.RM-05 | E14: Lines of communication across the organization are established for cybersecurity risks, including risks from suppliers and other third parties
A15: GOVERN (GV) | B15: GV.RM | C15: Risk Management Strategy | D15: GV.RM-06 | E15: A standardized method for calculating, documenting, categorizing, and prioritizing cybersecurity risks is established and communicated
A16: GOVERN (GV) | B16: GV.RM | C16: Risk Management Strategy | D16: GV.RM-07 | E16: Strategic opportunities (i.e., positive risks) are characterized and are included in organizational cybersecurity risk discussions
A17: GOVERN (GV) | B17: GV.RR | C17: Roles, Responsibilities, and Authorities | D17: GV.RR-01 | E17: Organizational leadership is responsible and accountable for cybersecurity risk and fosters a culture that is risk-aware, ethical, and continually improving
... A110: RECOVER (RC) | B110: RC.CO | C110: Incident Recovery Communication | D110: RC.CO-04 | E110: Public updates on incident recovery are shared using approved methods and messaging

Sheet Template 3 - Target Profile
A1: Template 3 -- Target Profile & Tier Selection
A2: Define the desired outcomes based on risk appetite, threat intel, and regulatory need. See Handbook Walkthrough E.
A4: Reference: the 4 official NIST Implementation Tiers (organization-wide governance rigor, NOT a per-subcategory score)
A5: Tier | B5: Name | C5: Description
A6: Tier 1 | B6: Partial | C6: Ad hoc, reactive risk management; limited organizational awareness; irregular, case-by-case implementation.
A7: Tier 2 | B7: Risk Informed | C7: Risk management approved by management but not yet organization-wide policy; prioritization directly informed by risk objectives but no org-wide approach yet.
A8: Tier 3 | B8: Repeatable | C8: Formally approved and expressed as policy; organization-wide approach; consistent methods for responding to risk changes; personnel have needed knowledge/skills.
A9: Tier 4 | B9: Adaptive | C9: Adapts based on lessons learned and predictive indicators; continuous improvement; risk-informed policies are part of organizational culture; timely response to emerging threats.
A11: Section A -- Overall Organizational Target
A12: Selected Overall Target Tier | B12: Tier 3 - Repeatable (EXAMPLE)
A13: Target Timeframe | B13: Within 12 months (EXAMPLE)
A14: Business Driver / Rationale | B14: Cyber-insurance underwriter and two enterprise customers now require evidence of a formally-approved, organization-wide cybersecurity risk program (EXAMPLE)
A16: Section B -- Target Tier per Function
A17: Function | B17: Target Tier | C17: Rationale / Notes
A18: GOVERN (GV) | B18: Tier 3 - Repeatable | C18: EXAMPLE: Board-level reporting requirement makes GOVERN the top priority
A19: IDENTIFY (ID)
A20: PROTECT (PR)
A21: DETECT (DE)
A22: RESPOND (RS)
A23: RECOVER (RC)
A25: Section C -- Target Score per Category (0-4 scale, assessor convention -- feeds Template 4 Gap Analysis)
A26: Category Code | B26: Category Title | C26: Target Score (0-4)
A27: GV.OC | B27: Organizational Context | C27: 3
A28: GV.RM | B28: Risk Management Strategy
A29: GV.RR | B29: Roles, Responsibilities, and Authorities
A30: GV.PO | B30: Policy
A31: GV.OV | B31: Oversight
A32: GV.SC | B32: Cybersecurity Supply Chain Risk Management
A33: ID.AM | B33: Asset Management
A34: ID.RA | B34: Risk Assessment
A35: ID.IM | B35: Improvement
A36: PR.AA | B36: Identity Management, Authentication, and Access Control
A37: PR.AT | B37: Awareness and Training
A38: PR.DS | B38: Data Security
A39: PR.PS | B39: Platform Security
... A48: RC.CO | B48: Incident Recovery Communication

Sheet Template 4 - Gap Analysis
A1: Template 4 -- Gap Analysis & Heat Map
A2: Current vs Target vs Gap, rolled up by Category and by Function. See Handbook Walkthrough F.
A4: Category-level gap analysis (22 categories)
A5: Category Code | B5: Category Title | C5: Current Avg Score (0-4) | D5: Target Score (0-4) | E5: Gap (Target-Current) | F5: Priority | G5: Notes
A6: GV.OC | B6: Organizational Context | C6: =IFERROR(AVERAGEIF('Template 2 - Current Profile'!$B$5:$B$110,A6,'Template 2 - Current Profile'!$F$5:$F$110),"") -> 2 | D6: =IFERROR(IF(ISBLANK(INDEX('Template 3 - Target Profile'!$C$27:$C$48,MATCH(A6,'Template 3 - Target Profile'!$A$27:$A$48,0))),"",INDEX('Template 3 - Target Profile'!$C$27:$C$48,MATCH(A6,'Template 3 - Target Profile'!$A$27:$A$48,0))),"") -> 3 | E6: =IFERROR(D6-C6,"") -> 1
A7: GV.RM | B7: Risk Management Strategy | C7: =IFERROR(AVERAGEIF('Template 2 - Current Profile'!$B$5:$B$110,A7,'Template 2 - Current Profile'!$F$5:$F$110),"") | D7: =IFERROR(IF(ISBLANK(INDEX('Template 3 - Target Profile'!$C$27:$C$48,MATCH(A7,'Template 3 - Target Profile'!$A$27:$A$48,0))),"",INDEX('Template 3 - Target Profile'!$C$27:$C$48,MATCH(A7,'Template 3 - Target Profile'!$A$27:$A$48,0))),"") | E7: =IFERROR(D7-C7,"")
A8: GV.RR | B8: Roles, Responsibilities, and Authorities | C8: =IFERROR(AVERAGEIF('Template 2 - Current Profile'!$B$5:$B$110,A8,'Template 2 - Current Profile'!$F$5:$F$110),"") | D8: =IFERROR(IF(ISBLANK(INDEX('Template 3 - Target Profile'!$C$27:$C$48,MATCH(A8,'Template 3 - Target Profile'!$A$27:$A$48,0))),"",INDEX('Template 3 - Target Profile'!$C$27:$C$48,MATCH(A8,'Template 3 - Target Profile'!$A$27:$A$48,0))),"") | E8: =IFERROR(D8-C8,"")
A9: GV.PO | B9: Policy | C9: =IFERROR(AVERAGEIF('Template 2 - Current Profile'!$B$5:$B$110,A9,'Template 2 - Current Profile'!$F$5:$F$110),"") | D9: =IFERROR(IF(ISBLANK(INDEX('Template 3 - Target Profile'!$C$27:$C$48,MATCH(A9,'Template 3 - Target Profile'!$A$27:$A$48,0))),"",INDEX('Template 3 - Target Profile'!$C$27:$C$48,MATCH(A9,'Template 3 - Target Profile'!$A$27:$A$48,0))),"") | E9: =IFERROR(D9-C9,"")
A10: GV.OV | B10: Oversight | C10: =IFERROR(AVERAGEIF('Template 2 - Current Profile'!$B$5:$B$110,A10,'Template 2 - Current Profile'!$F$5:$F$110),"") | D10: =IFERROR(IF(ISBLANK(INDEX('Template 3 - Target Profile'!$C$27:$C$48,MATCH(A10,'Template 3 - Target Profile'!$A$27:$A$48,0))),"",INDEX('Template 3 - Target Profile'!$C$27:$C$48,MATCH(A10,'Template 3 - Target Profile'!$A$27:$A$48,0))),"") | E10: =IFERROR(D10-C10,"")
A11: GV.SC | B11: Cybersecurity Supply Chain Risk Management | C11: =IFERROR(AVERAGEIF('Template 2 - Current Profile'!$B$5:$B$110,A11,'Template 2 - Current Profile'!$F$5:$F$110),"") | D11: =IFERROR(IF(ISBLANK(INDEX('Template 3 - Target Profile'!$C$27:$C$48,MATCH(A11,'Template 3 - Target Profile'!$A$27:$A$48,0))),"",INDEX('Template 3 - Target Profile'!$C$27:$C$48,MATCH(A11,'Template 3 - Target Profile'!$A$27:$A$48,0))),"") | E11: =IFERROR(D11-C11,"")
A12: ID.AM | B12: Asset Management | C12: =IFERROR(AVERAGEIF('Template 2 - Current Profile'!$B$5:$B$110,A12,'Template 2 - Current Profile'!$F$5:$F$110),"") | D12: =IFERROR(IF(ISBLANK(INDEX('Template 3 - Target Profile'!$C$27:$C$48,MATCH(A12,'Template 3 - Target Profile'!$A$27:$A$48,0))),"",INDEX('Template 3 - Target Profile'!$C$27:$C$48,MATCH(A12,'Template 3 - Target Profile'!$A$27:$A$48,0))),"") | E12: =IFERROR(D12-C12,"")
A13: ID.RA | B13: Risk Assessment | C13: =IFERROR(AVERAGEIF('Template 2 - Current Profile'!$B$5:$B$110,A13,'Template 2 - Current Profile'!$F$5:$F$110),"") | D13: =IFERROR(IF(ISBLANK(INDEX('Template 3 - Target Profile'!$C$27:$C$48,MATCH(A13,'Template 3 - Target Profile'!$A$27:$A$48,0))),"",INDEX('Template 3 - Target Profile'!$C$27:$C$48,MATCH(A13,'Template 3 - Target Profile'!$A$27:$A$48,0))),"") | E13: =IFERROR(D13-C13,"")
A14: ID.IM | B14: Improvement | C14: =IFERROR(AVERAGEIF('Template 2 - Current Profile'!$B$5:$B$110,A14,'Template 2 - Current Profile'!$F$5:$F$110),"") | D14: =IFERROR(IF(ISBLANK(INDEX('Template 3 - Target Profile'!$C$27:$C$48,MATCH(A14,'Template 3 - Target Profile'!$A$27:$A$48,0))),"",INDEX('Template 3 - Target Profile'!$C$27:$C$48,MATCH(A14,'Template 3 - Target Profile'!$A$27:$A$48,0))),"") | E14: =IFERROR(D14-C14,"")
A15: PR.AA | B15: Identity Management, Authentication, and Access Control | C15: =IFERROR(AVERAGEIF('Template 2 - Current Profile'!$B$5:$B$110,A15,'Template 2 - Current Profile'!$F$5:$F$110),"") | D15: =IFERROR(IF(ISBLANK(INDEX('Template 3 - Target Profile'!$C$27:$C$48,MATCH(A15,'Template 3 - Target Profile'!$A$27:$A$48,0))),"",INDEX('Template 3 - Target Profile'!$C$27:$C$48,MATCH(A15,'Template 3 - Target Profile'!$A$27:$A$48,0))),"") | E15: =IFERROR(D15-C15,"")
A16: PR.AT | B16: Awareness and Training | C16: =IFERROR(AVERAGEIF('Template 2 - Current Profile'!$B$5:$B$110,A16,'Template 2 - Current Profile'!$F$5:$F$110),"") | D16: =IFERROR(IF(ISBLANK(INDEX('Template 3 - Target Profile'!$C$27:$C$48,MATCH(A16,'Template 3 - Target Profile'!$A$27:$A$48,0))),"",INDEX('Template 3 - Target Profile'!$C$27:$C$48,MATCH(A16,'Template 3 - Target Profile'!$A$27:$A$48,0))),"") | E16: =IFERROR(D16-C16,"")
A17: PR.DS | B17: Data Security | C17: =IFERROR(AVERAGEIF('Template 2 - Current Profile'!$B$5:$B$110,A17,'Template 2 - Current Profile'!$F$5:$F$110),"") | D17: =IFERROR(IF(ISBLANK(INDEX('Template 3 - Target Profile'!$C$27:$C$48,MATCH(A17,'Template 3 - Target Profile'!$A$27:$A$48,0))),"",INDEX('Template 3 - Target Profile'!$C$27:$C$48,MATCH(A17,'Template 3 - Target Profile'!$A$27:$A$48,0))),"") | E17: =IFERROR(D17-C17,"")
... A27: RC.CO | B27: Incident Recovery Communication | C27: =IFERROR(AVERAGEIF('Template 2 - Current Profile'!$B$5:$B$110,A27,'Template 2 - Current Profile'!$F$5:$F$110),"") | D27: =IFERROR(IF(ISBLANK(INDEX('Template 3 - Target Profile'!$C$27:$C$48,MATCH(A27,'Template 3 - Target Profile'!$A$27:$A$48,0))),"",INDEX('Template 3 - Target Profile'!$C$27:$C$48,MATCH(A27,'Template 3 - Target Profile'!$A$27:$A$48,0))),"") | E27: =IFERROR(D27-C27,"")
A29: Function-level rollup (6 functions)
A30: Function | C30: Current Avg Score (0-4) | D30: Target Tier (from Tmpl 3) | E30: Gap Summary | F30: Priority | G30: Notes
A31: GOVERN (GV) | C31: =IFERROR(AVERAGEIF('Template 2 - Current Profile'!$A$5:$A$110,A31,'Template 2 - Current Profile'!$F$5:$F$110),"") -> 2 | D31: =IFERROR(IF(ISBLANK(INDEX('Template 3 - Target Profile'!$B$18:$B$23,MATCH(A31,'Template 3 - Target Profile'!$A$18:$A$23,0))),"",INDEX('Template 3 - Target Profile'!$B$18:$B$23,MATCH(A31,'Template 3 - Target Profile'!$A$18:$A$23,0))),"") -> Tier 3 - Repeatable
A32: IDENTIFY (ID) | C32: =IFERROR(AVERAGEIF('Template 2 - Current Profile'!$A$5:$A$110,A32,'Template 2 - Current Profile'!$F$5:$F$110),"") | D32: =IFERROR(IF(ISBLANK(INDEX('Template 3 - Target Profile'!$B$18:$B$23,MATCH(A32,'Template 3 - Target Profile'!$A$18:$A$23,0))),"",INDEX('Template 3 - Target Profile'!$B$18:$B$23,MATCH(A32,'Template 3 - Target Profile'!$A$18:$A$23,0))),"")
A33: PROTECT (PR) | C33: =IFERROR(AVERAGEIF('Template 2 - Current Profile'!$A$5:$A$110,A33,'Template 2 - Current Profile'!$F$5:$F$110),"") | D33: =IFERROR(IF(ISBLANK(INDEX('Template 3 - Target Profile'!$B$18:$B$23,MATCH(A33,'Template 3 - Target Profile'!$A$18:$A$23,0))),"",INDEX('Template 3 - Target Profile'!$B$18:$B$23,MATCH(A33,'Template 3 - Target Profile'!$A$18:$A$23,0))),"")
A34: DETECT (DE) | C34: =IFERROR(AVERAGEIF('Template 2 - Current Profile'!$A$5:$A$110,A34,'Template 2 - Current Profile'!$F$5:$F$110),"") | D34: =IFERROR(IF(ISBLANK(INDEX('Template 3 - Target Profile'!$B$18:$B$23,MATCH(A34,'Template 3 - Target Profile'!$A$18:$A$23,0))),"",INDEX('Template 3 - Target Profile'!$B$18:$B$23,MATCH(A34,'Template 3 - Target Profile'!$A$18:$A$23,0))),"")
A35: RESPOND (RS) | C35: =IFERROR(AVERAGEIF('Template 2 - Current Profile'!$A$5:$A$110,A35,'Template 2 - Current Profile'!$F$5:$F$110),"") | D35: =IFERROR(IF(ISBLANK(INDEX('Template 3 - Target Profile'!$B$18:$B$23,MATCH(A35,'Template 3 - Target Profile'!$A$18:$A$23,0))),"",INDEX('Template 3 - Target Profile'!$B$18:$B$23,MATCH(A35,'Template 3 - Target Profile'!$A$18:$A$23,0))),"")
A36: RECOVER (RC) | C36: =IFERROR(AVERAGEIF('Template 2 - Current Profile'!$A$5:$A$110,A36,'Template 2 - Current Profile'!$F$5:$F$110),"") | D36: =IFERROR(IF(ISBLANK(INDEX('Template 3 - Target Profile'!$B$18:$B$23,MATCH(A36,'Template 3 - Target Profile'!$A$18:$A$23,0))),"",INDEX('Template 3 - Target Profile'!$B$18:$B$23,MATCH(A36,'Template 3 - Target Profile'!$A$18:$A$23,0))),"")

Sheet Template 5 - Evidence Log
A1: Template 5 -- Evidence Log
A2: Log evidence as you gather it -- interviews, documents, configs, logs. See Handbook Walkthrough D.
A4: Evidence ID | B4: Date / Time | C4: Source (Person / Document) | D4: Subcategory / Function Ref | E4: Description of Evidence Examined | F4: Supports | G4: Assessor
A5: EV-001 (EXAMPLE) | B5: 2026-09-09 10:15 | C5: Interview: T. Nguyen, CISO | D5: GV.RM-02 | E5: Walked through the Board-approved risk appetite statement (v2, dated 2026-01-15) and confirmed it is referenced in the annual risk review | F5: Supports Current Score | G5: J. Rivera

Sheet Template 6 - Findings Tracker
A1: Template 6 -- Findings & Risk Tracker
A2: Gaps between current and target practice. Priority is High/Medium/Low -- this is a gap assessment, not an ISO nonconformity audit. See Handbook Walkthrough G.
A4: Finding ID | B4: Date Raised | C4: Subcategory Ref | D4: Gap / Finding Description | E4: Evidence | F4: Priority | G4: Recommendation | H4: Owner | I4: Target Date | J4: Status
A5: F-001 | B5: 2026-09-10 | C5: ID.RA-08 | D5: No formal process exists for receiving or triaging external vulnerability disclosures (e.g. from researchers or customers) | E5: Interview with IT Manager; no disclosure inbox, policy, or intake log found (EV-014) | F5: High | G5: Stand up a security@ disclosure mailbox with a documented SLA; publish a basic disclosure policy | H5: M. Chen | I5: 2026-11-30 | J5: Open

Sheet Template 7 - Interview Agenda
A1: Template 7 -- Stakeholder Interview & Workshop Agenda
A2: Cover non-technical stakeholders too -- GOVERN and PR.AT categories need legal, HR and executive input, not just IT/security. See Handbook Walkthrough B.
A4: Stakeholder / Role | B4: Function(s)/Category(ies) Covered | C4: Date / Time | D4: Sample Questions | E4: Interviewer
A5: CISO / Head of Security (EXAMPLE) | B5: GV.RM, GV.OV, GV.RR, DE.CM | C5: 2026-09-08 10:00 | D5: How is cybersecurity risk appetite set and communicated? Walk me through your last incident, start to finish. How do you know your monitoring tools are actually catching things? | E5: J. Rivera
A6: General Counsel / Legal | B6: GV.OC-03, GV.SC, RS.CO | D6: What regulatory/contractual cybersecurity obligations apply to us today? How are third-party/vendor contracts reviewed for cybersecurity requirements?
A7: HR Director | B7: GV.RR-04, PR.AT | D7: Is cybersecurity part of onboarding/offboarding? How is security awareness training tracked and enforced?
A8: IT Operations Manager | B8: ID.AM, PR.PS, PR.IR, DE.CM | D8: How do you know what hardware/software exists in the environment right now? Walk me through a recent patch cycle.
A9: Executive Sponsor / CEO or COO | B9: GV.OC, GV.RM, GV.OV | D9: How does the board receive cybersecurity risk updates? What's driving this assessment (insurance, customer, M&A)?
A10: Data/Privacy Officer | B10: PR.DS, ID.AM-07 | D10: How is sensitive data classified and tracked? What happens to data when it's no longer needed?

Sheet Template 8 - Report Summary
A1: Template 8 -- Assessment Report Summary
A2: Attach Templates 2-6 as supporting working papers. This is a gap/maturity report, not a certification recommendation. See Handbook Walkthrough J.
A4: Organization
A5: Assessment Scope
A6: Assessment Type
A7: Assessment Dates
A8: Assessment Team
A9: Overall Current Tier Assessment
A10: Overall Target Tier
A11: Executive Summary
A12: Top 5 Gaps (by priority)
A13: Recommendation / Suggested Next Steps
A15: Findings Summary by Priority
A16: Priority | B16: Count
A17: High
A18: Medium
A19: Low
A21: Lead Assessor Signature / Date
A22: Reviewed By (if consultant-led: engagement manager; if self-assessed: exec sponsor)

Sheet Template 9 - Remediation Plan
A1: Template 9 -- Remediation Roadmap Tracker
A2: Prioritized actions to close gaps identified in Template 6, with owners and timelines. See Handbook Walkthrough H.
A4: Finding ID (Tmpl 6) | B4: Subcategory Ref | C4: Recommended Action | D4: Success Criteria / Evidence of Completion | E4: Priority | F4: Owner | G4: Target Start | H4: Target Completion | I4: Status
A5: F-001 | B5: ID.RA-08 | C5: Stand up a security@ disclosure mailbox; publish a coordinated vulnerability disclosure policy; assign a triage owner | D5: Policy published on public site; mailbox monitored with documented SLA; first test submission triaged within SLA (EXAMPLE) | E5: High | F5: M. Chen | G5: 2026-10-01 | H5: 2026-11-30 | I5: In Progress

Sheet Template 10 - Risk Register
A1: Template 10 -- Cybersecurity Risk Register
A2: A living record across assessment cycles -- update every year. See Handbook Walkthrough I.
A4: Risk Title | B4: Risk Description | C4: Related Function / Subcategory | D4: Category | E4: Likelihood (1-5) | F4: Impact (1-5) | G4: Risk Rating (L x I) | H4: Existing Controls | I4: Residual Rating | J4: Owner | K4: Last Reviewed
A5: Unpatched internet-facing VPN appliance (EXAMPLE) | B5: Known CVE on the plant's remote-access VPN concentrator has not been patched due to change-freeze policy | C5: PR.PS-02, ID.RA-01 | D5: Vulnerability Management | E5: 4 | F5: 5 | G5: =E5*F5 -> 20 | H5: Compensating network segmentation; monitored by MSSP | I5: 2 | J5: M. Chen | K5: 2026-09-12
G6: =E6*F6 -> 0
G7: =E7*F7 -> 0
G8: =E8*F8 -> 0
G9: =E9*F9 -> 0
G10: =E10*F10 -> 0
G11: =E11*F11 -> 0
G12: =E12*F12 -> 0
G13: =E13*F13 -> 0
G14: =E14*F14 -> 0
G15: =E15*F15 -> 0
G16: =E16*F16 -> 0
G17: =E17*F17 -> 0
... G29: =E29*F29 -> 0

Sheet Template 11 - Reassessment
A1: Template 11 -- Reassessment Schedule
A2: Set your own cadence (e.g. annual) -- there is no fixed certification cycle to follow. See Handbook Walkthrough K.
A4: Reassessment Cadence | B4: Annual, full scope (EXAMPLE -- some organizations do a lighter interim check every 6 months for high-priority functions only)
A5: Trigger Events (in addition to cadence) | B5: Major incident; new regulation; M&A; new cyber-insurance renewal; significant infrastructure change (EXAMPLE)
A7: Function / Category | B7: Review Frequency | C7: Last Reviewed | D7: Next Due | E7: Notes / Priority
A8: GOVERN (GV) (EXAMPLE) | B8: Annual | C8: 2026-09-19 | D8: 2027-09 | E8: Board reporting driver -- keep on annual full-scope cycle
A9: IDENTIFY (ID)
A10: PROTECT (PR)
A11: DETECT (DE)
A12: RESPOND (RS)
A13: RECOVER (RC)
