Workbook

Sheet Instructions
A1: NIST AI RMF Assessment Toolkit
A2: Companion workbook to the NIST AI RMF Assessment Handbook (.docx) — reusable templates for a voluntary self-assessment against NIST AI RMF 1.0 (NIST AI 100-1).
A4: Important: this is a self-assessment tool, not a certification instrument
A5: The NIST AI Risk Management Framework (AI RMF 1.0) is a voluntary framework. There is no accredited third-party certification body for AI RMF, no official NIST maturity model, and no numeric scoring system. Any score, scale, or priority label used in this workbook (for example the 0-4 maturity scale on Template 2, or the Critical/High/Medium/Low priority scale on Template 6) is this toolkit's own interpretive layer, built in the same spirit as third-party tools like the Cloud Security Alliance's AI Controls Matrix / AI Security Maturity Model or vendor GRC platforms — it is not an official NIST scoring methodology.
A7: How to use this workbook
A8: 1. | B8: This workbook contains 12 templates (Template 1-12), one per tab, each paired with a numbered walkthrough in Part Four of the companion handbook.
A10: 2. | B10: Work through the tabs roughly in order on your first assessment: plan, gather evidence, assess current state, define target state, analyze gaps, track findings, report, and roadmap. On a reassessment, start from Template 12 and jump to whichever tabs you need.
A12: 3. | B12: Template 2 (Current-State Checklist) lists all 72 subcategories of the AI RMF Core (the four Functions: GOVERN, MAP, MEASURE, MANAGE). This is the backbone of the whole workbook — Templates 3 and 4 pull scores from it automatically.
A14: 4. | B14: Every template includes one example row in gray italics near the top — read it, then add your own rows below (leave the example row as a reference, or delete it once you're comfortable).
A16: 5. | B16: Yellow-headed instruction cells and white input cells are where you type; navy-headed columns with pre-populated reference content (subcategory text, GenAI risk descriptions) should not be deleted, only extended if the framework is updated.
A18: 6. | B18: Cells with a dropdown arrow use validated lists (e.g., maturity scores, priority levels) — use the dropdown rather than free text, so future filtering and reporting stays consistent.
A20: 7. | B20: Duplicate this whole workbook file at the start of each new assessment cycle (e.g., 'NIST AI RMF Toolkit - Acme Corp - 2027 Reassessment.xlsx') so you keep a clean, dated record per cycle.
A22: 8. | B22: Template 12 (Reassessment Schedule) and Template 10 (AI Risk Register) are the two tabs meant to persist and be updated across multiple assessment cycles rather than restarted each time.
A25: Tab index
A26: Tab name | B26: Purpose
A27: Template 1 - Assessment Plan | B27: Plan the assessment: objectives, scope, criteria, team, schedule.
A28: Template 2 - Current State | B28: All 72 AI RMF subcategories, scored for current-state maturity with evidence and notes.
A29: Template 3 - Target State | B29: Target maturity and priority for each subcategory, pulling current scores automatically.
A30: Template 4 - Gap Analysis | B30: Gap size and category for each subcategory, calculated from Templates 2 and 3.
A31: Template 5 - Evidence Log | B31: Chronological record of every piece of evidence examined.
A32: Template 6 - Findings Tracker | B32: Log and prioritize every finding and risk identified during the assessment.
A33: Template 7 - Interview Agenda | B33: Stakeholder interview and workshop agendas across GOVERN/MAP/MEASURE/MANAGE.
A34: Template 8 - Report Summary | B34: The final report: conclusion, findings summary, recommended next steps.
A35: Template 9 - Roadmap Tracker | B35: Track remediation actions from the gap analysis through to completion.
A36: Template 10 - Risk Register | B36: Living register of AI systems and their risk ratings, maintained across cycles.
A37: Template 11 - GenAI Supplement | B37: The 12 generative-AI-specific risks (NIST AI 600-1), mapped to AI RMF subcategories.
A38: Template 12 - Reassessment | B38: Plan and track when each Function/Category is due for reassessment.

Sheet Template 1 - Assessment Plan
A1: Template 1 - Assessment Plan
A2: Complete the header fields, then build the day-by-day schedule below. See Handbook Walkthrough A.
A4: Organization / Entity Assessed | B4: Acme AI Corp (EXAMPLE)
A5: Assessment Type | B5: Initial Baseline Self-Assessment (EXAMPLE)
A6: Scope (AI systems / business units) | B6: All production AI systems within the Product org, including the 'ScreenSmart' resume-screening model and the internal support chatbot (EXAMPLE)
A7: Assessment Objectives | B7: Establish a baseline current-state maturity against NIST AI RMF 1.0; identify priority gaps; produce a remediation roadmap (EXAMPLE)
A8: Assessment Criteria | B8: NIST AI RMF 1.0 (NIST AI 100-1), all 4 Functions / 19 Categories / 72 Subcategories; NIST AI 600-1 Generative AI Profile where applicable (EXAMPLE)
A9: Assessment Team (Lead / Members / SMEs) | B9: J. Rivera (Assessment Lead), M. Chen (Risk Analyst), Dr. S. Patel (AI/ML Subject Matter Expert) (EXAMPLE)
A10: Executive Sponsor | B10: T. Nguyen, Head of AI Governance (EXAMPLE)
A11: Assessment Dates | B11: 2026-09-14 to 2026-09-25 (EXAMPLE)
A12: Sites / Remote Mix | B12: Austin, TX office - on-site kickoff; remainder conducted remotely (EXAMPLE)
A14: Day-by-day schedule
A15: Date | B15: Time | C15: Function(s) / Category(ies) / Area | D15: Activity Type | E15: Assessor Assigned / Participant
A16: 2026-09-14 (EXAMPLE) | B16: 09:00 | C16: Kickoff; GOVERN 1-2 (Policy & Accountability) | D16: Interview | E16: J. Rivera / T. Nguyen

Sheet Template 2 - Current State
A1: Template 2 - Current-State Checklist (all 72 AI RMF subcategories)
A2: Score each subcategory using the toolkit's own 0-4 maturity scale (see Instructions tab) — not an official NIST scale. See Handbook Walkthrough D.
A4: Function | B4: Category | C4: Subcategory Description | D4: Current Score (0-4) | E4: Evidence / Notes | F4: Assessor
A5: GOVERN | B5: GOVERN 1.1 | C5: Legal and regulatory requirements involving AI are understood, managed, and documented. (EXAMPLE) | D5: 2 | E5: Legal has a running memo of applicable AI regulation (EU AI Act, state biometric laws) but it is not formally reviewed on a schedule (EXAMPLE) | F5: M. Chen
A6: GOVERN | B6: GOVERN 1.1 | C6: Legal and regulatory requirements involving AI are understood, managed, and documented.
A7: GOVERN | B7: GOVERN 1.2 | C7: The characteristics of trustworthy AI are integrated into organizational policies, processes, procedures, and practices.
A8: GOVERN | B8: GOVERN 1.3 | C8: Processes, procedures, and practices are in place to determine the needed level of risk management activities based on the organization's risk tolerance.
A9: GOVERN | B9: GOVERN 1.4 | C9: The risk management process and its outcomes are established through transparent policies, procedures, and other controls based on organizational risk priorities.
A10: GOVERN | B10: GOVERN 1.5 | C10: Ongoing monitoring and periodic review of the risk management process and its outcomes are planned and organizational roles and responsibilities clearly defined, including determining the frequency of periodic review.
A11: GOVERN | B11: GOVERN 1.6 | C11: Mechanisms are in place to inventory AI systems and are resourced according to organizational risk priorities.
A12: GOVERN | B12: GOVERN 1.7 | C12: Processes and procedures are in place for decommissioning and phasing out AI systems safely and in a manner that does not increase risks or decrease the organization's trustworthiness.
A13: GOVERN | B13: GOVERN 2.1 | C13: Roles and responsibilities and lines of communication related to mapping, measuring, and managing AI risks are documented and are clear to individuals and teams throughout the organization.
A14: GOVERN | B14: GOVERN 2.2 | C14: The organization's personnel and partners receive AI risk management training to enable them to perform their duties and responsibilities consistent with related policies, procedures, and agreements.
A15: GOVERN | B15: GOVERN 2.3 | C15: Executive leadership of the organization takes responsibility for decisions about risks associated with AI system development and deployment.
A16: GOVERN | B16: GOVERN 3.1 | C16: Decision-making related to mapping, measuring, and managing AI risks throughout the lifecycle is informed by a diverse team (e.g., diversity of demographics, disciplines, experience, expertise, and backgrounds).
A17: GOVERN | B17: GOVERN 3.2 | C17: Policies and procedures are in place to define and differentiate roles and responsibilities for human-AI configurations and oversight of AI systems.
... A77: MANAGE | B77: MANAGE 4.3 | C77: Incidents and errors are communicated to relevant AI actors, including affected communities; processes for tracking, responding to, and recovering from incidents and errors are followed and documented.

Sheet Template 3 - Target State
A1: Template 3 - Target State & Priorities
A2: Current Score is pulled automatically from Template 2. Set your Target Score and Priority. See Handbook Walkthrough E.
A4: Function | B4: Category | C4: Subcategory Description | D4: Current Score | E4: Target Score (0-4) | F4: Priority | G4: Target Date | H4: Rationale / Business Driver | I4: Owner
A5: GOVERN | B5: GOVERN 1.1 | C5: Legal and regulatory requirements involving AI are understood, managed, and documented. (EXAMPLE) | D5: 2 | E5: 4 | F5: High | G5: 2026-12-31 | H5: Upcoming EU AI Act obligations make a formal quarterly legal-review cadence necessary (EXAMPLE) | I5: Legal / M. Chen
A6: GOVERN | B6: GOVERN 1.1 | C6: Legal and regulatory requirements involving AI are understood, managed, and documented. | D6: =INDEX('Template 2 - Current State'!$D$6:$D$77,MATCH($B6,'Template 2 - Current State'!$B$6:$B$77,0)) -> 0
A7: GOVERN | B7: GOVERN 1.2 | C7: The characteristics of trustworthy AI are integrated into organizational policies, processes, procedures, and practices. | D7: =INDEX('Template 2 - Current State'!$D$6:$D$77,MATCH($B7,'Template 2 - Current State'!$B$6:$B$77,0)) -> 0
A8: GOVERN | B8: GOVERN 1.3 | C8: Processes, procedures, and practices are in place to determine the needed level of risk management activities based on the organization's risk tolerance. | D8: =INDEX('Template 2 - Current State'!$D$6:$D$77,MATCH($B8,'Template 2 - Current State'!$B$6:$B$77,0)) -> 0
A9: GOVERN | B9: GOVERN 1.4 | C9: The risk management process and its outcomes are established through transparent policies, procedures, and other controls based on organizational risk priorities. | D9: =INDEX('Template 2 - Current State'!$D$6:$D$77,MATCH($B9,'Template 2 - Current State'!$B$6:$B$77,0)) -> 0
A10: GOVERN | B10: GOVERN 1.5 | C10: Ongoing monitoring and periodic review of the risk management process and its outcomes are planned and organizational roles and responsibilities clearly defined, including determining the frequency of periodic review. | D10: =INDEX('Template 2 - Current State'!$D$6:$D$77,MATCH($B10,'Template 2 - Current State'!$B$6:$B$77,0)) -> 0
A11: GOVERN | B11: GOVERN 1.6 | C11: Mechanisms are in place to inventory AI systems and are resourced according to organizational risk priorities. | D11: =INDEX('Template 2 - Current State'!$D$6:$D$77,MATCH($B11,'Template 2 - Current State'!$B$6:$B$77,0)) -> 0
A12: GOVERN | B12: GOVERN 1.7 | C12: Processes and procedures are in place for decommissioning and phasing out AI systems safely and in a manner that does not increase risks or decrease the organization's trustworthiness. | D12: =INDEX('Template 2 - Current State'!$D$6:$D$77,MATCH($B12,'Template 2 - Current State'!$B$6:$B$77,0)) -> 0
A13: GOVERN | B13: GOVERN 2.1 | C13: Roles and responsibilities and lines of communication related to mapping, measuring, and managing AI risks are documented and are clear to individuals and teams throughout the organization. | D13: =INDEX('Template 2 - Current State'!$D$6:$D$77,MATCH($B13,'Template 2 - Current State'!$B$6:$B$77,0)) -> 0
A14: GOVERN | B14: GOVERN 2.2 | C14: The organization's personnel and partners receive AI risk management training to enable them to perform their duties and responsibilities consistent with related policies, procedures, and agreements. | D14: =INDEX('Template 2 - Current State'!$D$6:$D$77,MATCH($B14,'Template 2 - Current State'!$B$6:$B$77,0)) -> 0
A15: GOVERN | B15: GOVERN 2.3 | C15: Executive leadership of the organization takes responsibility for decisions about risks associated with AI system development and deployment. | D15: =INDEX('Template 2 - Current State'!$D$6:$D$77,MATCH($B15,'Template 2 - Current State'!$B$6:$B$77,0)) -> 0
A16: GOVERN | B16: GOVERN 3.1 | C16: Decision-making related to mapping, measuring, and managing AI risks throughout the lifecycle is informed by a diverse team (e.g., diversity of demographics, disciplines, experience, expertise, and backgrounds). | D16: =INDEX('Template 2 - Current State'!$D$6:$D$77,MATCH($B16,'Template 2 - Current State'!$B$6:$B$77,0)) -> 0
A17: GOVERN | B17: GOVERN 3.2 | C17: Policies and procedures are in place to define and differentiate roles and responsibilities for human-AI configurations and oversight of AI systems. | D17: =INDEX('Template 2 - Current State'!$D$6:$D$77,MATCH($B17,'Template 2 - Current State'!$B$6:$B$77,0)) -> 0
... A77: MANAGE | B77: MANAGE 4.3 | C77: Incidents and errors are communicated to relevant AI actors, including affected communities; processes for tracking, responding to, and recovering from incidents and errors are followed and documented. | D77: =INDEX('Template 2 - Current State'!$D$6:$D$77,MATCH($B77,'Template 2 - Current State'!$B$6:$B$77,0)) -> 0

Sheet Template 4 - Gap Analysis
A1: Template 4 - Gap Analysis
A2: Gap and Gap Category are calculated automatically from Templates 2 and 3. See Handbook Walkthrough F.
A4: Function | B4: Category | C4: Subcategory Description | D4: Current Score | E4: Target Score | F4: Gap | G4: Gap Category | H4: Root Cause / Contributing Factors | I4: Recommended Action
A5: GOVERN | B5: GOVERN 1.1 | C5: Legal and regulatory requirements involving AI are understood, managed, and documented. (EXAMPLE) | H5: No owner assigned for tracking new AI regulation; done informally by whoever notices (EXAMPLE) | I5: Assign Legal as formal owner; add quarterly regulatory-scan to Template 12
A6: GOVERN | B6: GOVERN 1.1 | C6: Legal and regulatory requirements involving AI are understood, managed, and documented. | D6: =INDEX('Template 2 - Current State'!$D$6:$D$77,MATCH($B6,'Template 2 - Current State'!$B$6:$B$77,0)) -> 0 | E6: =INDEX('Template 3 - Target State'!$E$6:$E$77,MATCH($B6,'Template 3 - Target State'!$B$6:$B$77,0)) -> 0 | F6: =IF(OR(D6="",E6=""),"",E6-D6) | G6: =IF(F6="","",IF(F6<=0,"None",IF(F6=1,"Minor",IF(F6=2,"Moderate","Major"))))
A7: GOVERN | B7: GOVERN 1.2 | C7: The characteristics of trustworthy AI are integrated into organizational policies, processes, procedures, and practices. | D7: =INDEX('Template 2 - Current State'!$D$6:$D$77,MATCH($B7,'Template 2 - Current State'!$B$6:$B$77,0)) -> 0 | E7: =INDEX('Template 3 - Target State'!$E$6:$E$77,MATCH($B7,'Template 3 - Target State'!$B$6:$B$77,0)) -> 0 | F7: =IF(OR(D7="",E7=""),"",E7-D7) | G7: =IF(F7="","",IF(F7<=0,"None",IF(F7=1,"Minor",IF(F7=2,"Moderate","Major"))))
A8: GOVERN | B8: GOVERN 1.3 | C8: Processes, procedures, and practices are in place to determine the needed level of risk management activities based on the organization's risk tolerance. | D8: =INDEX('Template 2 - Current State'!$D$6:$D$77,MATCH($B8,'Template 2 - Current State'!$B$6:$B$77,0)) -> 0 | E8: =INDEX('Template 3 - Target State'!$E$6:$E$77,MATCH($B8,'Template 3 - Target State'!$B$6:$B$77,0)) -> 0 | F8: =IF(OR(D8="",E8=""),"",E8-D8) | G8: =IF(F8="","",IF(F8<=0,"None",IF(F8=1,"Minor",IF(F8=2,"Moderate","Major"))))
A9: GOVERN | B9: GOVERN 1.4 | C9: The risk management process and its outcomes are established through transparent policies, procedures, and other controls based on organizational risk priorities. | D9: =INDEX('Template 2 - Current State'!$D$6:$D$77,MATCH($B9,'Template 2 - Current State'!$B$6:$B$77,0)) -> 0 | E9: =INDEX('Template 3 - Target State'!$E$6:$E$77,MATCH($B9,'Template 3 - Target State'!$B$6:$B$77,0)) -> 0 | F9: =IF(OR(D9="",E9=""),"",E9-D9) | G9: =IF(F9="","",IF(F9<=0,"None",IF(F9=1,"Minor",IF(F9=2,"Moderate","Major"))))
A10: GOVERN | B10: GOVERN 1.5 | C10: Ongoing monitoring and periodic review of the risk management process and its outcomes are planned and organizational roles and responsibilities clearly defined, including determining the frequency of periodic review. | D10: =INDEX('Template 2 - Current State'!$D$6:$D$77,MATCH($B10,'Template 2 - Current State'!$B$6:$B$77,0)) -> 0 | E10: =INDEX('Template 3 - Target State'!$E$6:$E$77,MATCH($B10,'Template 3 - Target State'!$B$6:$B$77,0)) -> 0 | F10: =IF(OR(D10="",E10=""),"",E10-D10) | G10: =IF(F10="","",IF(F10<=0,"None",IF(F10=1,"Minor",IF(F10=2,"Moderate","Major"))))
A11: GOVERN | B11: GOVERN 1.6 | C11: Mechanisms are in place to inventory AI systems and are resourced according to organizational risk priorities. | D11: =INDEX('Template 2 - Current State'!$D$6:$D$77,MATCH($B11,'Template 2 - Current State'!$B$6:$B$77,0)) -> 0 | E11: =INDEX('Template 3 - Target State'!$E$6:$E$77,MATCH($B11,'Template 3 - Target State'!$B$6:$B$77,0)) -> 0 | F11: =IF(OR(D11="",E11=""),"",E11-D11) | G11: =IF(F11="","",IF(F11<=0,"None",IF(F11=1,"Minor",IF(F11=2,"Moderate","Major"))))
A12: GOVERN | B12: GOVERN 1.7 | C12: Processes and procedures are in place for decommissioning and phasing out AI systems safely and in a manner that does not increase risks or decrease the organization's trustworthiness. | D12: =INDEX('Template 2 - Current State'!$D$6:$D$77,MATCH($B12,'Template 2 - Current State'!$B$6:$B$77,0)) -> 0 | E12: =INDEX('Template 3 - Target State'!$E$6:$E$77,MATCH($B12,'Template 3 - Target State'!$B$6:$B$77,0)) -> 0 | F12: =IF(OR(D12="",E12=""),"",E12-D12) | G12: =IF(F12="","",IF(F12<=0,"None",IF(F12=1,"Minor",IF(F12=2,"Moderate","Major"))))
A13: GOVERN | B13: GOVERN 2.1 | C13: Roles and responsibilities and lines of communication related to mapping, measuring, and managing AI risks are documented and are clear to individuals and teams throughout the organization. | D13: =INDEX('Template 2 - Current State'!$D$6:$D$77,MATCH($B13,'Template 2 - Current State'!$B$6:$B$77,0)) -> 0 | E13: =INDEX('Template 3 - Target State'!$E$6:$E$77,MATCH($B13,'Template 3 - Target State'!$B$6:$B$77,0)) -> 0 | F13: =IF(OR(D13="",E13=""),"",E13-D13) | G13: =IF(F13="","",IF(F13<=0,"None",IF(F13=1,"Minor",IF(F13=2,"Moderate","Major"))))
A14: GOVERN | B14: GOVERN 2.2 | C14: The organization's personnel and partners receive AI risk management training to enable them to perform their duties and responsibilities consistent with related policies, procedures, and agreements. | D14: =INDEX('Template 2 - Current State'!$D$6:$D$77,MATCH($B14,'Template 2 - Current State'!$B$6:$B$77,0)) -> 0 | E14: =INDEX('Template 3 - Target State'!$E$6:$E$77,MATCH($B14,'Template 3 - Target State'!$B$6:$B$77,0)) -> 0 | F14: =IF(OR(D14="",E14=""),"",E14-D14) | G14: =IF(F14="","",IF(F14<=0,"None",IF(F14=1,"Minor",IF(F14=2,"Moderate","Major"))))
A15: GOVERN | B15: GOVERN 2.3 | C15: Executive leadership of the organization takes responsibility for decisions about risks associated with AI system development and deployment. | D15: =INDEX('Template 2 - Current State'!$D$6:$D$77,MATCH($B15,'Template 2 - Current State'!$B$6:$B$77,0)) -> 0 | E15: =INDEX('Template 3 - Target State'!$E$6:$E$77,MATCH($B15,'Template 3 - Target State'!$B$6:$B$77,0)) -> 0 | F15: =IF(OR(D15="",E15=""),"",E15-D15) | G15: =IF(F15="","",IF(F15<=0,"None",IF(F15=1,"Minor",IF(F15=2,"Moderate","Major"))))
A16: GOVERN | B16: GOVERN 3.1 | C16: Decision-making related to mapping, measuring, and managing AI risks throughout the lifecycle is informed by a diverse team (e.g., diversity of demographics, disciplines, experience, expertise, and backgrounds). | D16: =INDEX('Template 2 - Current State'!$D$6:$D$77,MATCH($B16,'Template 2 - Current State'!$B$6:$B$77,0)) -> 0 | E16: =INDEX('Template 3 - Target State'!$E$6:$E$77,MATCH($B16,'Template 3 - Target State'!$B$6:$B$77,0)) -> 0 | F16: =IF(OR(D16="",E16=""),"",E16-D16) | G16: =IF(F16="","",IF(F16<=0,"None",IF(F16=1,"Minor",IF(F16=2,"Moderate","Major"))))
A17: GOVERN | B17: GOVERN 3.2 | C17: Policies and procedures are in place to define and differentiate roles and responsibilities for human-AI configurations and oversight of AI systems. | D17: =INDEX('Template 2 - Current State'!$D$6:$D$77,MATCH($B17,'Template 2 - Current State'!$B$6:$B$77,0)) -> 0 | E17: =INDEX('Template 3 - Target State'!$E$6:$E$77,MATCH($B17,'Template 3 - Target State'!$B$6:$B$77,0)) -> 0 | F17: =IF(OR(D17="",E17=""),"",E17-D17) | G17: =IF(F17="","",IF(F17<=0,"None",IF(F17=1,"Minor",IF(F17=2,"Moderate","Major"))))
... A77: MANAGE | B77: MANAGE 4.3 | C77: Incidents and errors are communicated to relevant AI actors, including affected communities; processes for tracking, responding to, and recovering from incidents and errors are followed and documented. | D77: =INDEX('Template 2 - Current State'!$D$6:$D$77,MATCH($B77,'Template 2 - Current State'!$B$6:$B$77,0)) -> 0 | E77: =INDEX('Template 3 - Target State'!$E$6:$E$77,MATCH($B77,'Template 3 - Target State'!$B$6:$B$77,0)) -> 0 | F77: =IF(OR(D77="",E77=""),"",E77-D77) | G77: =IF(F77="","",IF(F77<=0,"None",IF(F77=1,"Minor",IF(F77=2,"Moderate","Major"))))

Sheet Template 5 - Evidence Log
A1: Template 5 - Evidence Log
A2: Log every piece of evidence as you gather it — do not reconstruct from memory later. See Handbook Walkthrough C.
A4: Evidence ID | B4: Date / Time | C4: Source (Person / Document) | D4: Subcategory Ref | E4: Description of Evidence Examined | F4: Supports | G4: Assessor
A5: EV-001 (EXAMPLE) | B5: 2026-09-15 10:20 | C5: Interview: J. Alvarez, ML Lead | D5: MAP 5.1 | E5: Walked through the impact-identification worksheet and 2 completed examples for ScreenSmart v3 | F5: Supports Current-State Score | G5: M. Chen

Sheet Template 6 - Findings Tracker
A1: Template 6 - Findings & Risk Tracker
A2: Priority-based tracking (not major/minor nonconformity grading — there is no certification scheme for AI RMF). See Handbook Walkthrough G.
A4: Finding ID | B4: Date Raised | C4: Subcategory Ref | D4: Finding Description | E4: Evidence / Basis | F4: Likelihood (1-5) | G4: Impact (1-5) | H4: Risk Score | I4: Priority | J4: Recommended Action | K4: Owner | L4: Target Date | M4: Status
A5: F-001 | B5: 2026-09-15 | C5: MAP 5.1 | D5: Impact identification is performed for new AI systems but is not re-run when an existing system's use case materially changes. | E5: Reviewed impact worksheets for 5 systems; 2 of 5 had expanded scope since original assessment with no updated worksheet (EXAMPLE) | F5: 3 | G5: 4 | H5: =F5*G5 -> 12 | I5: High | J5: Add a change-triggered re-assessment step to the AI system inventory process (GOVERN 1.6) | K5: T. Nguyen | L5: 2026-11-30 | M5: Open
H6: =IF(OR(F6="",G6=""),"",F6*G6)
H7: =IF(OR(F7="",G7=""),"",F7*G7)
H8: =IF(OR(F8="",G8=""),"",F8*G8)
H9: =IF(OR(F9="",G9=""),"",F9*G9)
H10: =IF(OR(F10="",G10=""),"",F10*G10)
H11: =IF(OR(F11="",G11=""),"",F11*G11)
H12: =IF(OR(F12="",G12=""),"",F12*G12)
H13: =IF(OR(F13="",G13=""),"",F13*G13)
H14: =IF(OR(F14="",G14=""),"",F14*G14)
H15: =IF(OR(F15="",G15=""),"",F15*G15)
H16: =IF(OR(F16="",G16=""),"",F16*G16)
H17: =IF(OR(F17="",G17=""),"",F17*G17)
... H29: =IF(OR(F29="",G29=""),"",F29*G29)

Sheet Template 7 - Interview Agenda
A1: Template 7 - Stakeholder Interview & Workshop Agenda
A2: See Handbook Walkthrough B.
A4: KICKOFF / OPENING SESSION
A5: Date | C5: Time
A6: Attendees (Assessment Team) | C6: Attendees (Stakeholders)
A11: Agenda / Discussion Points
A12: • | B12: Introduce assessment team and confirm attendees
A13: • | B13: Reconfirm objectives, scope, and criteria (Template 1)
A14: • | B14: Explain the assessment method: current-state scoring, evidence review, gap analysis, and roadmap
A15: • | B15: Confirm confidentiality expectations and how findings will be communicated (priority-based, not certification grading)
A16: • | B16: Confirm logistics: document access, interviewee availability, workshop schedule
A17: • | B17: Record any last-minute scope changes raised by stakeholders
A18: Key Notes
A22: Assessment Lead (name/date) | C22: Executive Sponsor (name/date)
A24: CLOSING / DEBRIEF SESSION
A25: Date | C25: Time
A26: Attendees (Assessment Team) | C26: Attendees (Stakeholders)
A31: Agenda / Discussion Points
A32: • | B32: Restate scope and functions/categories actually covered; note any areas not sampled
A33: • | B33: Walk through the highest-priority findings and gaps identified (Templates 4 and 6)
A34: • | B34: Allow stakeholders to provide additional context or evidence on the spot
A35: • | B35: Discuss the draft remediation roadmap and realistic target dates
A36: • | B36: Confirm next steps and the reassessment cadence (Template 12)
A37: Key Notes
A41: Assessment Lead (name/date) | C41: Executive Sponsor (name/date)

Sheet Template 8 - Report Summary
A1: Template 8 - Assessment Report Summary
A2: See Handbook Walkthrough K. Attach Templates 2-6 as supporting working papers. No certification decision is being made here.
A4: Organization / Entity Assessed
A5: Scope of Assessment
A6: Assessment Type
A7: Assessment Criteria
A8: Assessment Dates
A9: Assessment Team
A10: Functions / Categories Covered
A11: Limitations / Areas Not Sampled
A12: Executive Summary & Overall Self-Assessed Posture
A13: Recommended Next Steps
A15: Findings Summary by Priority
A16: Priority | B16: Count | C16: Finding IDs (from Template 6)
A17: Critical
A18: High
A19: Medium
A20: Low
A22: Assessment Lead Signature / Date
A23: Executive Sponsor Signature / Date
A25: Note: This report documents the organization's own self-assessment against the voluntary NIST AI RMF 1.0. It is not a certification audit report, is not issued by an accredited certification body, and does not constitute or imply certification.

Sheet Template 9 - Roadmap Tracker
A1: Template 9 - Remediation Roadmap Tracker
A2: Track each gap/finding from action plan through to completion. See Handbook Walkthrough H.
A4: Ref (Tmpl 4/6) | B4: Subcategory | C4: Gap / Finding | D4: Remediation Action | E4: Owner | F4: Start Date | G4: Target Completion | H4: % Complete | I4: Status | J4: Notes
A5: F-001 | B5: MAP 5.1 | C5: Impact identification not re-run on material use-case change | D5: Add change-triggered re-assessment step to AI system inventory process | E5: T. Nguyen | F5: 2026-10-01 | G5: 2026-11-30 | H5: 40 | I5: In Progress | J5: Draft process change circulated for review (EXAMPLE)

Sheet Template 10 - Risk Register
A1: Template 10 - AI Risk Register
A2: A living record maintained across assessment cycles. See Handbook Walkthrough I.
A4: AI System Name | B4: Purpose / Description | C4: Risk Category | D4: Risk Description | E4: Likelihood (1-5) | F4: Impact (1-5) | G4: Risk Rating (L x I) | H4: Existing Controls | I4: Residual Rating | J4: Owner | K4: Last Reviewed
A5: ScreenSmart v3 (EXAMPLE) | B5: AI-powered resume/candidate screening model | C5: Individual impact | D5: Potential bias against protected groups in screening scores | E5: 4 | F5: 5 | G5: =E5*F5 -> 20 | H5: Bias testing pre-release; human review of rejections; MAP 5.1 impact identification | I5: 2 | J5: T. Nguyen | K5: 2026-09-16
G6: =IF(OR(E6="",F6=""),"",E6*F6)
G7: =IF(OR(E7="",F7=""),"",E7*F7)
G8: =IF(OR(E8="",F8=""),"",E8*F8)
G9: =IF(OR(E9="",F9=""),"",E9*F9)
G10: =IF(OR(E10="",F10=""),"",E10*F10)
G11: =IF(OR(E11="",F11=""),"",E11*F11)
G12: =IF(OR(E12="",F12=""),"",E12*F12)
G13: =IF(OR(E13="",F13=""),"",E13*F13)
G14: =IF(OR(E14="",F14=""),"",E14*F14)
G15: =IF(OR(E15="",F15=""),"",E15*F15)
G16: =IF(OR(E16="",F16=""),"",E16*F16)
G17: =IF(OR(E17="",F17=""),"",E17*F17)
... G25: =IF(OR(E25="",F25=""),"",E25*F25)

Sheet Template 11 - GenAI Supplement
A1: Template 11 - Generative AI Risk Supplement
A2: The 12 generative-AI-specific risks from NIST AI 600-1 (Generative AI Profile), mapped to relevant AI RMF subcategories. See Handbook Walkthrough J.
A4: GAI Risk (NIST AI 600-1) | B4: Description | C4: Applicable? (Y/N) | D4: Relevant AI RMF Subcategories | E4: Current Controls | F4: Residual Risk | G4: Owner | H4: Notes
A5: Confabulation ("Hallucination") (EXAMPLE) | B5: Production of confidently stated but erroneous or false content not grounded in training data or context. | C5: Y | D5: MAP 2.2, MEASURE 2.5, MEASURE 2.9 | E5: Retrieval-augmented generation with citation checking; human review of high-stakes outputs | F5: Medium | G5: Dr. S. Patel | H5: Applies to the internal support chatbot (EXAMPLE)
A6: CBRN Information or Capabilities | B6: Eased access to or synthesis of materially nefarious information or design capabilities related to chemical, biological, radiological, or nuclear (CBRN) weapons. | D6: GOVERN 1.1, MAP 5.1, MEASURE 2.6
A7: Confabulation ("Hallucination") | B7: Production of confidently stated but erroneous or false content ("hallucinated" facts, citations, or reasoning) that is not grounded in training data or context. | D7: MAP 2.2, MEASURE 2.5, MEASURE 2.9
A8: Dangerous, Violent, or Hateful Content | B8: Eased production of content that incites, radicalizes, or provides instructions for violence, or that demeans or dehumanizes individuals or groups. | D8: GOVERN 4.1, MEASURE 2.6, MEASURE 2.11
A9: Data Privacy | B9: Leakage or unauthorized inference/disclosure of private or sensitive information, including data used to train, fine-tune, or prompt the model. | D9: GOVERN 1.1, MAP 1.1, MEASURE 2.10
A10: Environmental Impacts | B10: High compute, energy, and water resource usage in training or operating generative AI models, with downstream environmental and sustainability effects. | D10: MEASURE 2.12, MANAGE 2.1
A11: Harmful Bias or Homogenization | B11: Amplification or perpetuation of harmful stereotypes, disparate model performance across groups, or a homogenization of outputs, opinions, or viewpoints. | D11: MAP 5.1, MEASURE 2.11, GOVERN 3.1
A12: Human-AI Configuration | B12: Risks from how humans interact with, oversee, and rely on generative AI, including automation bias, anthropomorphization, and unclear human-AI role division. | D12: GOVERN 3.2, MAP 3.5, MEASURE 2.6
A13: Information Integrity | B13: Eased production and distribution of false, inaccurate, or misleading content at scale, including synthetic media used for disinformation. | D13: MEASURE 2.8, MAP 5.1, GOVERN 4.2
A14: Information Security | B14: Lowered barriers for cyberattacks, including generation of malicious code, or new vulnerabilities introduced by the AI system itself (e.g., prompt injection). | D14: MEASURE 2.7, GOVERN 1.1
A15: Intellectual Property | B15: Generation of content that infringes copyright, trademark, or other IP rights, or reveals trade secrets embedded in training data. | D15: GOVERN 6.1, MAP 4.1
A16: Obscene, Degrading, or Abusive Content | B16: Eased production of non-consensual intimate imagery, child sexual abuse material, or other obscene/abusive content. | D16: GOVERN 4.1, MEASURE 2.6
A17: Value Chain and Component Integration | B17: Risks introduced by non-transparent or vulnerable upstream components (e.g., third-party foundation models, plugins, or datasets) integrated into the AI system. | D17: GOVERN 6.1, GOVERN 6.2, MAP 4.2, MANAGE 3.1

Sheet Template 12 - Reassessment
A1: Template 12 - Reassessment Schedule
A2: Plan when each Function/Category is next due for reassessment, especially as generative AI use grows. See Handbook Walkthrough L.
A4: Function | B4: Category | C4: Last Assessed | D4: Next Scheduled | E4: Trigger | F4: Owner | G4: Notes
A5: GOVERN | B5: GOVERN 1 (EXAMPLE) | C5: 2026-09-25 | D5: 2027-03-25 | E5: Scheduled Cycle (6 months) | F5: T. Nguyen | G5: Revisit sooner if EU AI Act guidance changes (EXAMPLE)
A6: GOVERN | B6: GOVERN 1
A7: GOVERN | B7: GOVERN 2
A8: GOVERN | B8: GOVERN 3
A9: GOVERN | B9: GOVERN 4
A10: GOVERN | B10: GOVERN 5
A11: GOVERN | B11: GOVERN 6
A12: MAP | B12: MAP 1
A13: MAP | B13: MAP 2
A14: MAP | B14: MAP 3
A15: MAP | B15: MAP 4
A16: MAP | B16: MAP 5
A17: MEASURE | B17: MEASURE 1
... A24: MANAGE | B24: MANAGE 4
